sample_name	experiment_accession
11135.Sample.X3042755	ERX4207938
11135.Sample.X3044489	ERX4207962
11135.Sample.X3045055	ERX4207971
11135.Sample.X3045824	ERX4207979
11135.Sample.X3046201	ERX4207981
11135.Sample.X3052357	ERX4208013
11135.Sample.X3053804	ERX4208018
11135.Sample.X3054072	ERX4208020
11135.Sample.X3055738	ERX4208032
11135.Sample.X3057807	ERX4208049
11135.Sample.X3057829	ERX4208050
11135.Sample.X3058210	ERX4208059
11135.Sample.X3060221	ERX4208064
11135.Sample.X3061856	ERX4208067
11135.Sample.X3062265	ERX4208075
11135.Sample.X3062376	ERX4208076
11135.Sample.X3064816	ERX4208098
11135.Sample.X3065227	ERX4208102
11135.Sample.X3071522	ERX4208112
11135.Sample.X3072097	ERX4208119
11135.Sample.X3072104	ERX4208120
11135.Sample.X3072563	ERX4208122
11135.Sample.X3073603	ERX4208123
11135.Sample.X3073607	ERX4208124
11135.Sample.X3073858	ERX4208125
11135.Sample.X3073898	ERX4208126
11135.Sample.X3073949	ERX4208127
11135.Sample.X3074692	ERX4208132
11135.Sample.X3074942	ERX4208135
11135.Sample.X3075069	ERX4208137
11135.Sample.X3075128	ERX4208138
11135.Sample.X3075298	ERX4208139
11135.Sample.X3076513	ERX4208141
11135.Sample.X3076514	ERX4208142
11135.Sample.X3076610	ERX4208143
11135.Sample.X3076628	ERX4208144
11135.Sample.X3076697	ERX4208145
11135.Sample.X3076710	ERX4208146
11135.Sample.X3076716	ERX4208147
11135.Sample.X3076741	ERX4208148
11135.Sample.X3076753	ERX4208149
11135.Sample.X3076806	ERX4208150
11135.Sample.X3076854	ERX4208151
11135.Sample.X3076867	ERX4208152
11135.Sample.X3076875	ERX4208153
11135.Sample.X3076904	ERX4208154
11135.Sample.X3078011	ERX4208155
11135.Sample.X3078257	ERX4208156
11135.Sample.X3078269	ERX4208157
11135.Sample.X3078512	ERX4208159
11135.Sample.X3078546	ERX4208162
11135.Sample.X3078556	ERX4208163
11135.Sample.X3078571	ERX4208165
11135.Sample.X3079059	ERX4208167
11135.Sample.X3079149	ERX4208168
11135.Sample.X3079267	ERX4208173
11135.Sample.X3079328	ERX4208174
11135.Sample.X3079329	ERX4208175
11135.Sample.X3079376	ERX4208176
11135.Sample.X3079381	ERX4208177
11135.Sample.X3079507	ERX4208179
11135.Sample.X3079517	ERX4208180
11135.Sample.X3079524	ERX4208181
11135.Sample.X3079652	ERX4208184
11135.Sample.X3079657	ERX4208185
11135.Sample.X3079711	ERX4208187
11135.Sample.X3079885	ERX4208191
11135.Sample.X3079889	ERX4208192
11135.Sample.X3079897	ERX4208193
11135.Sample.X3079906	ERX4208194
11135.Sample.X3080010	ERX4208198
11135.Sample.X3080016	ERX4208199
11135.Sample.X3080022	ERX4208201
11135.Sample.X3080025	ERX4208202
11135.Sample.X3080087	ERX4208203
11135.Sample.X3080089	ERX4208204
11135.Sample.X3080103	ERX4208205
11135.Sample.X3080170	ERX4208206
11135.Sample.X3080189	ERX4208207
11135.Sample.X3080257	ERX4208208
11135.Sample.X3080470	ERX4208209
11135.Sample.X3080497	ERX4208210
11135.Sample.X3081346	ERX4208211
11135.Sample.X3081381	ERX4208212
11135.Sample.X3081466	ERX4208213
11135.Sample.X3081600	ERX4208214
11135.Sample.X3081626	ERX4208215
11135.Sample.X3081670	ERX4208216
11135.Sample.X3081706	ERX4208217
11135.Sample.X3081735	ERX4208218
11135.Sample.X3081762	ERX4208219
11135.Sample.X3081853	ERX4208220
11135.Sample.X3081904	ERX4208221
11135.Sample.X3081919	ERX4208222
11135.Sample.X3081941	ERX4208223
11135.Sample.X3082008	ERX4208224
11135.Sample.X3082016	ERX4208225
11135.Sample.X3082056	ERX4208226
11135.Sample.X3082069	ERX4208227
11135.Sample.X3082209	ERX4208228
11135.Sample.X3082238	ERX4208229
11135.Sample.X3082348	ERX4208230
11135.Sample.X3082368	ERX4208231
11135.Sample.X3082375	ERX4208232
11135.Sample.X3082421	ERX4208233
11135.Sample.X3088589	ERX4208234
11135.Sample.X3088814	ERX4208235
11135.Sample.X3088849	ERX4208236
11135.Sample.X3088929	ERX4208237
11135.Sample.X3089018	ERX4208238
11135.Sample.X3089021	ERX4208239
11135.Sample.X3089054	ERX4208240
11135.Sample.X3089101	ERX4208241
11135.Sample.X3089449	ERX4208242
11135.Sample.X3089474	ERX4208243
11135.Sample.X3089479	ERX4208244
11135.Sample.X3089490	ERX4208245
11135.Sample.X3089584	ERX4208246
11135.Sample.X3089617	ERX4208247
11135.Sample.X3089692	ERX4208248
11135.Sample.X3089871	ERX4208249
11135.Sample.X3090406	ERX4208250
11135.Sample.X3090599	ERX4208251
11135.Sample.X3090610	ERX4208252
11135.Sample.X3090634	ERX4208253
11135.Sample.X3090656	ERX4208254
11135.Sample.X3091034	ERX4208255
11135.Sample.X3091045	ERX4208256
11135.Sample.X3091175	ERX4208257
11135.Sample.X3091291	ERX4208258
11135.Sample.X3091350	ERX4208259
11135.Sample.X3091428	ERX4208260
11135.Sample.X3091433	ERX4208261
11135.Sample.X3091462	ERX4208262
11135.Sample.X3091513	ERX4208263
11135.Sample.X3092041	ERX4208264
11135.Sample.X3092840	ERX4208265
11135.Sample.X3092848	ERX4208266
11135.Sample.X3092859	ERX4208267
11135.Sample.X3092915	ERX4208268
11135.Sample.X3093784	ERX4208269
11135.Sample.X3093795	ERX4208270
11135.Sample.X3094653	ERX4208271
11135.Sample.X3094724	ERX4208272
11135.Sample.X3094878	ERX4208273
11135.Sample.X3094912	ERX4208274
11135.Sample.X3100292	ERX4208275
11135.Sample.X3101666	ERX4208276
11135.Sample.X3102519	ERX4208277
11135.Sample.X3103632	ERX4208278
11135.Sample.X3104074	ERX4208279
11135.Sample.X3104098	ERX4208280
11135.Sample.X3104112	ERX4208281
11135.Sample.X3104140	ERX4208282
11135.Sample.X3104209	ERX4208283
11135.Sample.X3104255	ERX4208284
11135.Sample.X3104424	ERX4208285
11135.Sample.X3104497	ERX4208286
11135.Sample.X3104642	ERX4208287
11135.Sample.X3104649	ERX4208288
11135.Sample.X3105072	ERX4208289
11135.Sample.X3105097	ERX4208290
11135.Sample.X3105748	ERX4208291
11135.Sample.X3106644	ERX4208292
11135.Sample.X3106699	ERX4208293
11135.Sample.X3107007	ERX4208294
11135.Sample.X3107081	ERX4208295
11135.Sample.X3107314	ERX4208296
11135.Sample.X3109444	ERX4208297
11135.Sample.X3109550	ERX4208298
11135.Sample.X3109870	ERX4208299
11135.Sample.X3110482	ERX4208300
11135.Sample.X3110829	ERX4208301
11135.Sample.X3111317	ERX4208302
11135.Sample.X3111715	ERX4208303
11135.Sample.X3113313	ERX4208304
11135.Sample.X3114582	ERX4208305
11135.Sample.X3115341	ERX4208306
11135.Sample.X3078357	ERX4208158
11135.Sample.X3078535	ERX4208160
11135.Sample.X3078539	ERX4208161
11135.Sample.X3078570	ERX4208164
11135.Sample.X3078572	ERX4208166
11135.Sample.X3079258	ERX4208169
11135.Sample.X3079261	ERX4208170
11135.Sample.X3079264	ERX4208171
11135.Sample.X3079265	ERX4208172
11135.Sample.X3079398	ERX4208178
11135.Sample.X3079588	ERX4208182
11135.Sample.X3079597	ERX4208183
11135.Sample.X3079701	ERX4208186
11135.Sample.X3079732	ERX4208188
11135.Sample.X3079788	ERX4208189
11135.Sample.X3079790	ERX4208190
11135.Sample.X3079964	ERX4208195
11135.Sample.X3079967	ERX4208196
11135.Sample.X3080003	ERX4208197
11135.Sample.X3080020	ERX4208200
11135.Sample.X3041977	ERX4207935
11135.Sample.X3042652	ERX4207936
11135.Sample.X3042678	ERX4207937
11135.Sample.X3042766	ERX4207939
11135.Sample.X3042803	ERX4207940
11135.Sample.X3043640	ERX4207941
11135.Sample.X3043813	ERX4207942
11135.Sample.X3043856	ERX4207943
11135.Sample.X3043859	ERX4207944
11135.Sample.X3043906	ERX4207945
11135.Sample.X3043919	ERX4207946
11135.Sample.X3043942	ERX4207947
11135.Sample.X3043989	ERX4207948
11135.Sample.X3044021	ERX4207949
11135.Sample.X3044040	ERX4207950
11135.Sample.X3044044	ERX4207951
11135.Sample.X3044048	ERX4207952
11135.Sample.X3044090	ERX4207953
11135.Sample.X3044183	ERX4207954
11135.Sample.X3044185	ERX4207955
11135.Sample.X3044242	ERX4207956
11135.Sample.X3044454	ERX4207957
11135.Sample.X3044458	ERX4207958
11135.Sample.X3044478	ERX4207959
11135.Sample.X3044479	ERX4207960
11135.Sample.X3044488	ERX4207961
11135.Sample.X3044574	ERX4207963
11135.Sample.X3044583	ERX4207964
11135.Sample.X3044616	ERX4207965
11135.Sample.X3044630	ERX4207966
11135.Sample.X3044755	ERX4207967
11135.Sample.X3044761	ERX4207968
11135.Sample.X3044797	ERX4207969
11135.Sample.X3044812	ERX4207970
11135.Sample.X3045278	ERX4207972
11135.Sample.X3045382	ERX4207973
11135.Sample.X3045467	ERX4207974
11135.Sample.X3045682	ERX4207975
11135.Sample.X3045790	ERX4207976
11135.Sample.X3045820	ERX4207977
11135.Sample.X3045822	ERX4207978
11135.Sample.X3046192	ERX4207980
11135.Sample.X3046202	ERX4207982
11135.Sample.X3046831	ERX4207983
11135.Sample.X3047050	ERX4207984
11135.Sample.X3047082	ERX4207985
11135.Sample.X3047084	ERX4207986
11135.Sample.X3047269	ERX4207987
11135.Sample.X3047295	ERX4207988
11135.Sample.X3047418	ERX4207989
11135.Sample.X3047430	ERX4207990
11135.Sample.X3047486	ERX4207991
11135.Sample.X3048824	ERX4207992
11135.Sample.X3049640	ERX4207993
11135.Sample.X3049658	ERX4207994
11135.Sample.X3049694	ERX4207995
11135.Sample.X3049747	ERX4207996
11135.Sample.X3049749	ERX4207997
11135.Sample.X3049830	ERX4207998
11135.Sample.X3049849	ERX4207999
11135.Sample.X3049870	ERX4208000
11135.Sample.X3049965	ERX4208001
11135.Sample.X3049969	ERX4208002
11135.Sample.X3050767	ERX4208003
11135.Sample.X3050770	ERX4208004
11135.Sample.X3050846	ERX4208005
11135.Sample.X3050848	ERX4208006
11135.Sample.X3050951	ERX4208007
11135.Sample.X3051602	ERX4208008
11135.Sample.X3051738	ERX4208009
11135.Sample.X3051955	ERX4208010
11135.Sample.X3051986	ERX4208011
11135.Sample.X3051994	ERX4208012
11135.Sample.X3052416	ERX4208014
11135.Sample.X3053571	ERX4208015
11135.Sample.X3053613	ERX4208016
11135.Sample.X3053757	ERX4208017
11135.Sample.X3053986	ERX4208019
11135.Sample.X3054093	ERX4208021
11135.Sample.X3054338	ERX4208022
11135.Sample.X3054448	ERX4208023
11135.Sample.X3054563	ERX4208024
11135.Sample.X3054609	ERX4208025
11135.Sample.X3054691	ERX4208026
11135.Sample.X3054754	ERX4208027
11135.Sample.X3054813	ERX4208028
11135.Sample.X3054956	ERX4208029
11135.Sample.X3055075	ERX4208030
11135.Sample.X3055200	ERX4208031
11135.Sample.X3056145	ERX4208033
11135.Sample.X3056148	ERX4208034
11135.Sample.X3056170	ERX4208035
11135.Sample.X3056233	ERX4208036
11135.Sample.X3056255	ERX4208037
11135.Sample.X3056292	ERX4208038
11135.Sample.X3056340	ERX4208039
11135.Sample.X3056375	ERX4208040
11135.Sample.X3056430	ERX4208041
11135.Sample.X3056471	ERX4208042
11135.Sample.X3056476	ERX4208043
11135.Sample.X3056696	ERX4208044
11135.Sample.X3057627	ERX4208045
11135.Sample.X3057673	ERX4208046
11135.Sample.X3057713	ERX4208047
11135.Sample.X3057791	ERX4208048
11135.Sample.X3057835	ERX4208051
11135.Sample.X3057935	ERX4208052
11135.Sample.X3057979	ERX4208053
11135.Sample.X3057985	ERX4208054
11135.Sample.X3058022	ERX4208055
11135.Sample.X3058085	ERX4208056
11135.Sample.X3058141	ERX4208057
11135.Sample.X3058182	ERX4208058
11135.Sample.X3058255	ERX4208060
11135.Sample.X3058256	ERX4208061
11135.Sample.X3059167	ERX4208062
11135.Sample.X3059176	ERX4208063
11135.Sample.X3060222	ERX4208065
11135.Sample.X3060226	ERX4208066
11135.Sample.X3061903	ERX4208068
11135.Sample.X3061906	ERX4208069
11135.Sample.X3061922	ERX4208070
11135.Sample.X3061928	ERX4208071
11135.Sample.X3062194	ERX4208072
11135.Sample.X3062212	ERX4208073
11135.Sample.X3062263	ERX4208074
11135.Sample.X3062505	ERX4208077
11135.Sample.X3062528	ERX4208078
11135.Sample.X3062601	ERX4208079
11135.Sample.X3062690	ERX4208080
11135.Sample.X3062735	ERX4208081
11135.Sample.X3062850	ERX4208082
11135.Sample.X3063036	ERX4208083
11135.Sample.X3063111	ERX4208084
11135.Sample.X3063166	ERX4208085
11135.Sample.X3063197	ERX4208086
11135.Sample.X3063208	ERX4208087
11135.Sample.X3063248	ERX4208088
11135.Sample.X3063253	ERX4208089
11135.Sample.X3063601	ERX4208090
11135.Sample.X3064056	ERX4208091
11135.Sample.X3064104	ERX4208092
11135.Sample.X3064135	ERX4208093
11135.Sample.X3064217	ERX4208094
11135.Sample.X3064278	ERX4208095
11135.Sample.X3064313	ERX4208096
11135.Sample.X3064622	ERX4208097
11135.Sample.X3064817	ERX4208099
11135.Sample.X3065172	ERX4208100
11135.Sample.X3065206	ERX4208101
11135.Sample.X3065240	ERX4208103
11135.Sample.X3067703	ERX4208104
11135.Sample.X3068057	ERX4208105
11135.Sample.X3068112	ERX4208106
11135.Sample.X3068356	ERX4208107
11135.Sample.X3068925	ERX4208108
11135.Sample.X3069127	ERX4208109
11135.Sample.X3069133	ERX4208110
11135.Sample.X3069205	ERX4208111
11135.Sample.X3071535	ERX4208113
11135.Sample.X3071737	ERX4208114
11135.Sample.X3071936	ERX4208115
11135.Sample.X3071939	ERX4208116
11135.Sample.X3071940	ERX4208117
11135.Sample.X3071987	ERX4208118
11135.Sample.X3072208	ERX4208121
11135.Sample.X3073986	ERX4208128
11135.Sample.X3074280	ERX4208129
11135.Sample.X3074623	ERX4208130
11135.Sample.X3074686	ERX4208131
11135.Sample.X3074860	ERX4208133
11135.Sample.X3074922	ERX4208134
11135.Sample.X3074984	ERX4208136
11135.Sample.X3075993	ERX4208140
11135.Sample.x3071657	ERX4208307
11135.Sample.x3071658	ERX4208308