sample_name	experiment_accession
11135.Sample.X3127868	ERX4208398
11135.Sample.X3127735	ERX4208397
11135.Sample.X3126961	ERX4208396
11135.Sample.X3126857	ERX4208395
11135.Sample.X3126470	ERX4208394
11135.Sample.X3126255	ERX4208393
11135.Sample.X3125971	ERX4208392
11135.Sample.X3125833	ERX4208391
11135.Sample.X3125638	ERX4208390
11135.Sample.X3125201	ERX4208389
11135.Sample.X3125200	ERX4208388
11135.Sample.X3125197	ERX4208387
11135.Sample.X3125125	ERX4208386
11135.Sample.X3124980	ERX4208385
11135.Sample.X3124976	ERX4208384
11135.Sample.X3124948	ERX4208383
11135.Sample.X3124901	ERX4208382
11135.Sample.X3124552	ERX4208381
11135.Sample.X3124456	ERX4208380
11135.Sample.X3124423	ERX4208379
11135.Sample.X3124413	ERX4208378
11135.Sample.X3124331	ERX4208377
11135.Sample.X3124175	ERX4208376
11135.Sample.X3124126	ERX4208375
11135.Sample.X3124123	ERX4208374
11135.Sample.X3123844	ERX4208373
11135.Sample.X3123667	ERX4208372
11135.Sample.X3123642	ERX4208371
11135.Sample.X3122647	ERX4208370
11135.Sample.X3122385	ERX4208369
11135.Sample.X3122380	ERX4208368
11135.Sample.X3122276	ERX4208367
11135.Sample.X3122240	ERX4208366
11135.Sample.X3122218	ERX4208365
11135.Sample.X3122211	ERX4208364
11135.Sample.X3121397	ERX4208363
11135.Sample.X3121386	ERX4208362
11135.Sample.X3121345	ERX4208361
11135.Sample.X3121344	ERX4208360
11135.Sample.X3121330	ERX4208359
11135.Sample.X3121071	ERX4208358
11135.Sample.X3121041	ERX4208357
11135.Sample.X3120909	ERX4208356
11135.Sample.X3120520	ERX4208355
11135.Sample.X3120474	ERX4208354
11135.Sample.X3120367	ERX4208353
11135.Sample.X3120219	ERX4208352
11135.Sample.X3120178	ERX4208351
11135.Sample.X3120143	ERX4208350
11135.Sample.X3119815	ERX4208349
11135.Sample.X3118356	ERX4208348
11135.Sample.X3118224	ERX4208347
11135.Sample.X3118206	ERX4208346
11135.Sample.X3118174	ERX4208345
11135.Sample.X3118137	ERX4208344
11135.Sample.X3118111	ERX4208343
11135.Sample.X3118105	ERX4208342
11135.Sample.X3117863	ERX4208341
11135.Sample.X3117815	ERX4208340
11135.Sample.X3117574	ERX4208339
11135.Sample.X3115330	ERX4208338
11135.Sample.X3115192	ERX4208337
11135.Sample.X3115177	ERX4208336
11135.Sample.X3112027	ERX4208335
11135.Sample.X3111307	ERX4208334
11135.Sample.X3110910	ERX4208333
11135.Sample.X3110876	ERX4208332
11135.Sample.X3110246	ERX4208331
11135.Sample.X3110212	ERX4208330
11135.Sample.X3109580	ERX4208329
11135.Sample.X3109540	ERX4208328
11135.Sample.X3109410	ERX4208327
11135.Sample.X3108571	ERX4208326
11135.Sample.X3106771	ERX4208325
11135.Sample.X3106729	ERX4208324
11135.Sample.X3105850	ERX4208323
11135.Sample.X3104262	ERX4208322
11135.Sample.X3104199	ERX4208321
11135.Sample.X3104100	ERX4208320
11135.Sample.X3104055	ERX4208319
11135.Sample.X3103712	ERX4208318
11135.Sample.X3092922	ERX4208317
11135.Sample.X3081749	ERX4208316
11135.Sample.X3080479	ERX4208315
11135.Sample.X3075208	ERX4208314
11135.Sample.X3065001	ERX4208313
11135.Sample.X3055074	ERX4208312
11135.Sample.X3054690	ERX4208311