sample_name	experiment_accession
11135.Sample.X3129190	ERX4209095
11135.Sample.X3129170	ERX4209094
11135.Sample.X3129131	ERX4209093
11135.Sample.X3128852	ERX4209092
11135.Sample.X3128682	ERX4209091
11135.Sample.X3128639	ERX4209090
11135.Sample.X3128619	ERX4209089
11135.Sample.X3128578	ERX4209088
11135.Sample.X3136706	ERX4209166
11135.Sample.X3136705	ERX4209165
11135.Sample.X3136689	ERX4209164
11135.Sample.X3136056	ERX4209163
11135.Sample.X3136010	ERX4209162
11135.Sample.X3135146	ERX4209161
11135.Sample.X3135100	ERX4209160
11135.Sample.X3134987	ERX4209159
11135.Sample.X3134978	ERX4209158
11135.Sample.X3134935	ERX4209157
11135.Sample.X3134933	ERX4209156
11135.Sample.X3134872	ERX4209155
11135.Sample.X3134827	ERX4209154
11135.Sample.X3134607	ERX4209153
11135.Sample.X3134579	ERX4209152
11135.Sample.X3134567	ERX4209151
11135.Sample.X3134547	ERX4209150
11135.Sample.X3134539	ERX4209149
11135.Sample.X3134504	ERX4209148
11135.Sample.X3134235	ERX4209147
11135.Sample.X3133862	ERX4209146
11135.Sample.X3133847	ERX4209145
11135.Sample.X3133789	ERX4209144
11135.Sample.X3133708	ERX4209143
11135.Sample.X3133612	ERX4209142
11135.Sample.X3133575	ERX4209141
11135.Sample.X3133552	ERX4209140
11135.Sample.X3133290	ERX4209139
11135.Sample.X3133266	ERX4209138
11135.Sample.X3133256	ERX4209137
11135.Sample.X3133202	ERX4209136
11135.Sample.X3133112	ERX4209135
11135.Sample.X3132917	ERX4209134
11135.Sample.X3132852	ERX4209133
11135.Sample.X3132817	ERX4209132
11135.Sample.X3132809	ERX4209131
11135.Sample.X3132763	ERX4209130
11135.Sample.X3132579	ERX4209129
11135.Sample.X3132524	ERX4209128
11135.Sample.X3132523	ERX4209127
11135.Sample.X3132515	ERX4209126
11135.Sample.X3132476	ERX4209125
11135.Sample.X3132295	ERX4209124
11135.Sample.X3132275	ERX4209123
11135.Sample.X3132265	ERX4209122
11135.Sample.X3132256	ERX4209121
11135.Sample.X3131967	ERX4209120
11135.Sample.X3131852	ERX4209119
11135.Sample.X3131552	ERX4209118
11135.Sample.X3131483	ERX4209117
11135.Sample.X3131097	ERX4209116
11135.Sample.X3131071	ERX4209115
11135.Sample.X3131037	ERX4209114
11135.Sample.X3130967	ERX4209113
11135.Sample.X3130931	ERX4209112
11135.Sample.X3130847	ERX4209111
11135.Sample.X3130728	ERX4209110
11135.Sample.X3130713	ERX4209109
11135.Sample.X3130708	ERX4209108
11135.Sample.X3130475	ERX4209107
11135.Sample.X3130426	ERX4209106
11135.Sample.X3130376	ERX4209105
11135.Sample.X3130340	ERX4209104
11135.Sample.X3130205	ERX4209103
11135.Sample.X3130166	ERX4209102
11135.Sample.X3130151	ERX4209101
11135.Sample.X3130147	ERX4209100
11135.Sample.X3130032	ERX4209099
11135.Sample.X3129967	ERX4209098
11135.Sample.X3129962	ERX4209097
11135.Sample.X3129905	ERX4209096
11135.Sample.X3128543	ERX4209087
11135.Sample.X3127841	ERX4209086
11135.Sample.X3127802	ERX4209085
11135.Sample.X3127729	ERX4209084
11135.Sample.X3127471	ERX4209083
11135.Sample.X3127375	ERX4209082
11135.Sample.X3127341	ERX4209081
11135.Sample.X3127317	ERX4209080
11135.Sample.X3127315	ERX4209079
11135.Sample.X3127234	ERX4209078
11135.Sample.X3127150	ERX4209077
11135.Sample.X3125778	ERX4209076
11135.Sample.X3125657	ERX4209075
11135.Sample.X3125639	ERX4209074
11135.Sample.X3125578	ERX4209073
11135.Sample.X3124869	ERX4209072
11135.Sample.X3124749	ERX4209071
11135.Sample.X3124634	ERX4209070
11135.Sample.X3124567	ERX4209069
11135.Sample.X3124425	ERX4209068
11135.Sample.X3124381	ERX4209067
11135.Sample.X3124087	ERX4209066
11135.Sample.X3123696	ERX4209065
11135.Sample.X3122827	ERX4209064
11135.Sample.X3120383	ERX4209063
11135.Sample.X3115252	ERX4209062
11135.Sample.X3113866	ERX4209061
11135.Sample.X3112779	ERX4209060
11135.Sample.X3111082	ERX4209059
11135.Sample.X3111012	ERX4209058
11135.Sample.X3110690	ERX4209057
11135.Sample.X3109300	ERX4209056
11135.Sample.X3109258	ERX4209055
11135.Sample.X3108411	ERX4209054
11135.Sample.X3106912	ERX4209053
11135.Sample.X3106757	ERX4209052
11135.Sample.X3106648	ERX4209051
11135.Sample.X3106298	ERX4209050
11135.Sample.X3104471	ERX4209049
11135.Sample.X3103836	ERX4209048
11135.Sample.X3102593	ERX4209047
11135.Sample.X3100292	ERX4209046
11135.Sample.X3089449	ERX4209045
11135.Sample.X3079889	ERX4209044
11135.Sample.X3079885	ERX4209043
11135.Sample.X3076514	ERX4209042
11135.Sample.X3062265	ERX4209041
11135.batch5.blank2.9H	ERX4209229
11135.batch5.blank2.9G	ERX4209228
11135.batch5.blank2.9F	ERX4209227
11135.batch5.blank2.9C	ERX4209226
11135.batch5.blank2.9B	ERX4209225
11135.batch5.blank2.9A	ERX4209224
11135.batch5.blank2.9.E	ERX4209223
11135.batch5.blank2.9.D	ERX4209222
11135.batch5.blank2.8H	ERX4209221
11135.batch5.blank2.8G	ERX4209220
11135.batch5.blank2.8F	ERX4209219
11135.batch5.blank2.8C	ERX4209218
11135.batch5.blank2.8.E	ERX4209217
11135.batch5.blank2.8.D	ERX4209216
11135.batch5.blank2.1H	ERX4209215
11135.batch5.blank2.1G	ERX4209214
11135.batch5.blank2.1F	ERX4209213
11135.batch5.blank2.1C	ERX4209212
11135.batch5.blank2.1B	ERX4209211
11135.batch5.blank2.1A	ERX4209210
11135.batch5.blank2.11G	ERX4209209
11135.batch5.blank2.11F	ERX4209208
11135.batch5.blank2.11C	ERX4209207
11135.batch5.blank2.11B	ERX4209206
11135.batch5.blank2.11A	ERX4209205
11135.batch5.blank2.11.E	ERX4209204
11135.batch5.blank2.11.D	ERX4209203
11135.batch5.blank2.10H	ERX4209202
11135.batch5.blank2.10G	ERX4209201
11135.batch5.blank2.10F	ERX4209200
11135.batch5.blank2.10C	ERX4209199
11135.batch5.blank2.10B	ERX4209198
11135.batch5.blank2.10A	ERX4209197
11135.batch5.blank2.10.E	ERX4209196
11135.batch5.blank2.10.D	ERX4209195
11135.batch5.blank2.1.E	ERX4209194
11135.batch5.blank2.1.D	ERX4209193
11135.batch5.blank1.12H	ERX4209192
11135.batch5.blank1.12G	ERX4209191
11135.batch5.blank1.12F	ERX4209190
11135.batch5.blank1.12C	ERX4209189
11135.batch5.blank1.12B	ERX4209188
11135.batch5.blank1.12A	ERX4209187
11135.batch5.blank1.12.E	ERX4209186
11135.batch5.blank1.12.D	ERX4209185
11135.Sample.X3138879	ERX4209184
11135.Sample.X3138467	ERX4209183
11135.Sample.X3138153	ERX4209182
11135.Sample.X3137986	ERX4209181
11135.Sample.X3137964	ERX4209180
11135.Sample.X3137638	ERX4209179
11135.Sample.X3137556	ERX4209178
11135.Sample.X3137210	ERX4209177
11135.Sample.X3137142	ERX4209176
11135.Sample.X3137028	ERX4209175
11135.Sample.X3137022	ERX4209174
11135.Sample.X3136933	ERX4209173
11135.Sample.X3136922	ERX4209172
11135.Sample.X3136865	ERX4209171
11135.Sample.X3136834	ERX4209170
11135.Sample.X3136828	ERX4209169
11135.Sample.X3136823	ERX4209168
11135.Sample.X3136788	ERX4209167