sample_name	experiment_accession
11135.Sample.X3149890	None
11135.Sample.X3159973	None
11135.Sample.X3155219	None
11135.Sample.X3143677	None
11135.Sample.X3161499	ERX11825117
11135.Sample.x3156518	ERX11825221
11135.Sample.x3156417	ERX11825220
11135.Sample.X3168086	ERX11825152
11135.Sample.X3148474	ERX11825018
11135.Sample.x3150364	ERX11825198
11135.Sample.X3148813	ERX11825026
11135.BLANK.HNRC.1.1A	ERX11824888
11135.BLANK.HNRC.1.1B	ERX11824889
11135.BLANK.HNRC.1.1C	ERX11824890
11135.BLANK.HNRC.1.1D	ERX11824891
11135.BLANK.HNRC.1.1E	ERX11824892
11135.BLANK.HNRC.1.1F	ERX11824893
11135.BLANK.HNRC.1.1G	ERX11824894
11135.BLANK.HNRC.1.1H	ERX11824895
11135.Sample.X3143593	ERX11824964
11135.Sample.x3151907	ERX11825203
11135.Sample.X3167050	ERX11825144
11135.Sample.x3151121	ERX11825201
11135.Sample.x3164927	ERX11825264
11135.Sample.x3144136	ERX11825168
11135.Sample.x3156238	ERX11825218
11135.Sample.X3159441	ERX11825096
11135.Sample.x3152819	ERX11825211
11135.Sample.x3147464	ERX11825173
11135.Sample.x3152328	ERX11825206
11135.Sample.X3147482	ERX11825002
11135.Sample.x3149712	ERX11825193
11135.Sample.X3168692	ERX11825157
11135.Sample.X3167088	ERX11825145
11135.Sample.X3167950	ERX11825149
11135.Sample.X3156294	ERX11825070
11135.Sample.X3145431	ERX11824988
11135.Sample.x3156557	ERX11825222
11135.Sample.x3159698	ERX11825240
11135.Sample.X3156040	ERX11825067
11135.Sample.x3156177	ERX11825217
11135.Sample.X3152400	ERX11825051
11135.Sample.X3156507	ERX11825074
11135.Sample.X3140920	ERX11824955
11135.Sample.X3151860	ERX11825045
11135.Sample.X3145225	ERX11824982
11135.Sample.X3140410	ERX11824952
11135.Sample.x3155593	ERX11825214
11135.Sample.X3144117	ERX11824973
11135.Sample.X3143754	ERX11824966
11135.Sample.X3154973	ERX11825061
11135.Sample.X3156373	ERX11825073
11135.Sample.x3144070	ERX11825166
11135.Sample.X3167536	ERX11825148
11135.Sample.X3145480	ERX11824989
11135.Sample.X3145248	ERX11824984
11135.Sample.X3145145	ERX11824980
11135.Sample.X3152549	ERX11825053
11135.Sample.x3154669	ERX11825212
11135.Sample.x3149938	ERX11825194
11135.Sample.X3146854	ERX11824999
11135.Sample.X3163019	ERX11825126
11135.Sample.X3148352	ERX11825016
11135.Sample.X3148182	ERX11825010
11135.Sample.X3159373	ERX11825095
11135.Sample.X3148665	ERX11825021
11135.Sample.X3148303	ERX11825014
11135.Sample.x3147880	ERX11825177
11135.Sample.X3150217	ERX11825039
11135.Sample.X3145594	ERX11824990
11135.Sample.X3149693	ERX11825031
11135.Sample.X3165226	ERX11825136
11135.Sample.X3157032	ERX11825076
11135.Sample.X3156371	ERX11825072
11135.Sample.X3158938	ERX11825090
11135.Sample.X3161292	ERX11825115
11135.Sample.X3157394	ERX11825081
11135.Sample.X3156237	ERX11825069
11135.Sample.X3165029	ERX11825135
11135.Sample.X3149648	ERX11825030
11135.Sample.X3143799	ERX11824968
11135.Sample.X3170393	ERX11825158
11135.Sample.X3150329	ERX11825042
11135.Sample.X3152879	ERX11825057
11135.Sample.X3144441	ERX11824976
11135.Sample.x3148972	ERX11825189
11135.Sample.X3145052	ERX11824979
11135.Sample.X3149941	ERX11825036
11135.Sample.X3155201	ERX11825063
11135.Sample.X3159113	ERX11825093
11135.Sample.X3172079	ERX11825159
11135.Sample.X3160588	ERX11825109
11135.Sample.x3159338	ERX11825239
11135.Sample.x3167358	ERX11825266
11135.Sample.X3149920	ERX11825035
11135.Sample.X3144228	ERX11824974
11135.Sample.X3145288	ERX11824986
11135.Sample.X3157950	ERX11825083
11135.Sample.X3145275	ERX11824985
11135.Sample.X3155226	ERX11825064
11135.Sample.X3164179	ERX11825131
11135.Sample.X3158004	ERX11825086
11135.Sample.x3151014	ERX11825200
11135.Sample.X3139655	ERX11824949
11135.Sample.X3157997	ERX11825085
11135.Sample.x3160965	ERX11825248
11135.Sample.X3160521	ERX11825107
11135.Sample.x3160553	ERX11825244
11135.Sample.X3154987	ERX11825062
11135.Sample.x3156747	ERX11825224
11135.Sample.X3152871	ERX11825056
11135.Sample.X3154344	ERX11825058
11135.Sample.X3149464	ERX11825029
11135.Sample.x3152227	ERX11825205
11135.Sample.x3165511	ERX11825265
11135.BLANK.HNRC.2.2A	ERX11824896
11135.BLANK.HNRC.2.2B	ERX11824897
11135.BLANK.HNRC.2.2C	ERX11824898
11135.BLANK.HNRC.2.2D	ERX11824899
11135.BLANK.HNRC.2.2E	ERX11824900
11135.BLANK.HNRC.2.2F	ERX11824901
11135.BLANK.HNRC.2.2G	ERX11824902
11135.BLANK.HNRC.2.2H	ERX11824903
11135.Sample.x3164137	ERX11825260
11135.Sample.x3147970	ERX11825178
11135.Sample.x3149382	ERX11825191
11135.Sample.x3148224	ERX11825181
11135.Sample.X3148904	ERX11825027
11135.Sample.X3139986	ERX11824951
11135.Sample.X3145946	ERX11824991
11135.Sample.X3160426	ERX11825106
11135.Sample.X3161821	ERX11825120
11135.Sample.x3148644	ERX11825187
11135.Sample.X3145194	ERX11824981
11135.Sample.X3152833	ERX11825055
11135.Sample.x3157411	ERX11825230
11135.Sample.x3158708	ERX11825234
11135.Sample.X3144104	ERX11824972
11135.Sample.x3156404	ERX11825219
11135.Sample.x3147538	ERX11825174
11135.Sample.X3152461	ERX11825052
11135.Sample.x3159712	ERX11825241
11135.Sample.x3151481	ERX11825202
11135.Sample.x3148183	ERX11825180
11135.Sample.x3144049	ERX11825165
11135.Sample.X3166616	ERX11825141
11135.Sample.x3150019	ERX11825196
11135.Sample.X3165523	ERX11825137
11135.Sample.x3149368	ERX11825190
11135.Sample.X3152303	ERX11825050
11135.Sample.x3147123	ERX11825171
11135.Sample.X3147775	ERX11825003
11135.Sample.X3168487	ERX11825156
11135.Sample.X3150089	ERX11825038
11135.Sample.X3140924	ERX11824956
11135.Sample.X3159936	ERX11825104
11135.Sample.X3163198	ERX11825129
11135.Sample.X3149880	ERX11825034
11135.Sample.x3148590	ERX11825185
11135.Sample.x3159112	ERX11825237
11135.Sample.x3171534	ERX11825267
11135.Sample.X3167024	ERX11825143
11135.Sample.X3152278	ERX11825049
11135.Sample.x3144123	ERX11825167
11135.Sample.x3162102	ERX11825255
11135.Sample.X3161102	ERX11825113
11135.Sample.X3159818	ERX11825102
11135.Sample.x3144618	ERX11825170
11135.Sample.x3162162	ERX11825257
11135.Sample.X3146815	ERX11824996
11135.Sample.X3140903	ERX11824954
11135.Sample.x3160627	ERX11825246
11135.Sample.X3144759	ERX11824978
11135.Sample.X3165576	ERX11825139
11135.Sample.X3159042	ERX11825092
11135.Sample.X3168244	ERX11825153
11135.Sample.X3160773	ERX11825111
11135.Sample.x3161641	ERX11825252
11135.Sample.x3152781	ERX11825210
11135.Sample.x3161799	ERX11825254
11135.Sample.X3144677	ERX11824977
11135.Sample.X3156146	ERX11825068
11135.Sample.x3149969	ERX11825195
11135.Sample.X3152613	ERX11825054
11135.Sample.x3156089	ERX11825215
11135.Sample.x3157309	ERX11825228
11135.Sample.x3162111	ERX11825256
11135.Sample.x3144610	ERX11825169
11135.Sample.X3142513	ERX11824957
11135.Sample.X3159681	ERX11825101
11135.Sample.X3139931	ERX11824950
11135.Sample.x3148887	ERX11825188
11135.Sample.x3163255	ERX11825259
11135.Sample.X3166835	ERX11825142
11135.Sample.X3157058	ERX11825077
11135.Sample.X3146540	ERX11824994
11135.Sample.x3147840	ERX11825175
11135.Sample.X3162149	ERX11825122
11135.Sample.X3148282	ERX11825013
11135.Sample.X3159451	ERX11825098
11135.Sample.X3148431	ERX11825017
11135.Sample.X3159505	ERX11825099
11135.Sample.X3149762	ERX11825033
11135.Sample.x3157679	ERX11825231
11135.Sample.X3160974	ERX11825112
11135.Sample.X3143439	ERX11824960
11135.Sample.x3151913	ERX11825204
11135.Sample.X3148056	ERX11825008
11135.Sample.x3158948	ERX11825236
11135.Sample.x3157101	ERX11825225
11135.Sample.X3157971	ERX11825084
11135.Sample.X3157028	ERX11825075
11135.Sample.X3143758	ERX11824967
11135.Sample.X3162461	ERX11825125
11135.Sample.X3148175	ERX11825009
11135.Sample.X3168063	ERX11825151
11135.Sample.X3148765	ERX11825025
11135.Sample.x3140420	ERX11825163
11135.BLANK.HNRC.3.3A	ERX11824904
11135.BLANK.HNRC.3.3B	ERX11824905
11135.BLANK.HNRC.3.3C	ERX11824906
11135.BLANK.HNRC.3.3D	ERX11824907
11135.BLANK.HNRC.3.3E	ERX11824908
11135.BLANK.HNRC.3.3F	ERX11824909
11135.BLANK.HNRC.3.3G	ERX11824910
11135.BLANK.HNRC.3.3H	ERX11824911
11135.Sample.x3159302	ERX11825238
11135.Sample.x3160605	ERX11825245
11135.Sample.X3164504	ERX11825133
11135.Sample.x3148448	ERX11825183
11135.Sample.X3148489	ERX11825019
11135.Sample.x3157227	ERX11825226
11135.Sample.X3157364	ERX11825080
11135.Sample.X3149703	ERX11825032
11135.Sample.x3154992	ERX11825213
11135.Sample.x3160658	ERX11825247
11135.Sample.X3163040	ERX11825127
11135.Sample.x3164876	ERX11825263
11135.Sample.x3139960	ERX11825161
11135.Sample.x3156091	ERX11825216
11135.Sample.x3147873	ERX11825176
11135.Sample.x3158722	ERX11825235
11135.Sample.X3158952	ERX11825091
11135.Sample.X3148030	ERX11825006
11135.Sample.X3165529	ERX11825138
11135.Sample.X3146877	ERX11825000
11135.Sample.X3147936	ERX11825005
11135.Sample.X3159447	ERX11825097
11135.Sample.X3148264	ERX11825012
11135.Sample.x3161751	ERX11825253
11135.Sample.X3154708	ERX11825059
11135.Sample.X3150253	ERX11825040
11135.Sample.X3150389	ERX11825043
11135.Sample.X3150003	ERX11825037
11135.Sample.X3158130	ERX11825088
11135.Sample.x3150346	ERX11825197
11135.Sample.X3144044	ERX11824971
11135.Sample.X3168404	ERX11825154
11135.Sample.X3154878	ERX11825060
11135.Sample.x3160357	ERX11825242
11135.Sample.X3162159	ERX11825123
11135.Sample.X3148734	ERX11825024
11135.Sample.X3147861	ERX11825004
11135.Sample.x3157719	ERX11825232
11135.Sample.X3150293	ERX11825041
11135.Sample.X3147350	ERX11825001
11135.Sample.X3157299	ERX11825079
11135.Sample.X3156296	ERX11825071
11135.Sample.x3162216	ERX11825258
11135.Sample.x3164537	ERX11825261
11135.Sample.X3148692	ERX11825022
11135.Sample.X3145232	ERX11824983
11135.Sample.X3146823	ERX11824997
11135.Sample.X3155559	ERX11825065
11135.Sample.X3159933	ERX11825103
11135.Sample.x3137731	ERX11825160
11135.Sample.X3150464	ERX11825044
11135.Sample.X3145412	ERX11824987
11135.Sample.X3140493	ERX11824953
11135.Sample.x3161302	ERX11825251
11135.Sample.x3157350	ERX11825229
11135.Sample.X3167975	ERX11825150
11135.Sample.X3148257	ERX11825011
11135.Sample.X3164390	ERX11825132
11135.Sample.X3159618	ERX11825100
11135.Sample.X3143561	ERX11824962
11135.Sample.x3140845	ERX11825164
11135.Sample.X3148348	ERX11825015
11135.Sample.x3152474	ERX11825208
11135.Sample.X3159277	ERX11825094
11135.Sample.x3156721	ERX11825223
11135.Sample.X3146836	ERX11824998
11135.Sample.x3152735	ERX11825209
11135.Sample.X3160677	ERX11825110
11135.Sample.x3148134	ERX11825179
11135.Sample.X3160366	ERX11825105
11135.Sample.X3158092	ERX11825087
11135.Sample.x3157920	ERX11825233
11135.Sample.X3143600	ERX11824965
11135.Sample.X3162056	ERX11825121
11135.Sample.x3148381	ERX11825182
11135.Sample.X3163074	ERX11825128
11135.Sample.x3161085	ERX11825249
11135.Sample.X3168483	ERX11825155
11135.Sample.X3146031	ERX11824992
11135.Sample.X3146791	ERX11824995
11135.Sample.X3139038	ERX11824948
11135.Sample.X3152104	ERX11825047
11135.Sample.x3148613	ERX11825186
11135.Sample.X3167390	ERX11825146
11135.Sample.X3161252	ERX11825114
11135.Sample.X3151898	ERX11825046
11135.Sample.X3161416	ERX11825116
11135.Sample.X3165906	ERX11825140
11135.Sample.x3152455	ERX11825207
11135.Sample.X3143566	ERX11824963
11135.Sample.x3140299	ERX11825162
11135.Sample.X3144020	ERX11824970
11135.Sample.X3161550	ERX11825118
11135.BLANK.HNRC.4.4A	ERX11824936
11135.BLANK.HNRC.4.4B	ERX11824937
11135.BLANK.HNRC.4.4C	ERX11824938
11135.BLANK.HNRC.4.4D	ERX11824939
11135.BLANK.HNRC.4.4E	ERX11824940
11135.BLANK.HNRC.4.4F	ERX11824941
11135.BLANK.HNRC.4.4G	ERX11824942
11135.BLANK.HNRC.4.4H	ERX11824943
11135.Sample.X3144272	ERX11824975
11135.Sample.X3164880	ERX11825134
11135.Sample.X3143069	ERX11824959
11135.Sample.X3143542	ERX11824961
11135.Sample.X3148047	ERX11825007
11135.Sample.X3167400	ERX11825147
11135.Sample.X3152233	ERX11825048
11135.Sample.X3157111	ERX11825078
11135.Sample.X3149264	ERX11825028
11135.Sample.X3146047	ERX11824993
11135.Sample.X3160537	ERX11825108
11135.Sample.X3162200	ERX11825124
11135.Sample.X3142698	ERX11824958
11135.Sample.X3144000	ERX11824969
11135.Sample.x3160411	ERX11825243
11135.Sample.X3163494	ERX11825130
11135.Sample.X3148726	ERX11825023
11135.Sample.x3149663	ERX11825192
11135.Sample.x3164702	ERX11825262
11135.Sample.x3161091	ERX11825250
11135.Sample.X3157495	ERX11825082
11135.Sample.X3158629	ERX11825089
11135.Sample.x3148482	ERX11825184
11135.Sample.X3161574	ERX11825119
11135.Sample.X3155959	ERX11825066
11135.Sample.x3157268	ERX11825227
11135.Sample.x3147149	ERX11825172
11135.Sample.x3150365	ERX11825199
11135.Sample.X3148553	ERX11825020
11135.BLANK.HNRC.4.9E	ERX11824944
11135.BLANK.HNRC.4.9F	ERX11824945
11135.BLANK.HNRC.4.9G	ERX11824946
11135.BLANK.HNRC.4.9H	ERX11824947
11135.BLANK.HNRC.4.10A	ERX11824912
11135.BLANK.HNRC.4.10B	ERX11824913
11135.BLANK.HNRC.4.10C	ERX11824914
11135.BLANK.HNRC.4.10D	ERX11824915
11135.BLANK.HNRC.4.10E	ERX11824916
11135.BLANK.HNRC.4.10F	ERX11824917
11135.BLANK.HNRC.4.10G	ERX11824918
11135.BLANK.HNRC.4.10H	ERX11824919
11135.BLANK.HNRC.4.11A	ERX11824920
11135.BLANK.HNRC.4.11B	ERX11824921
11135.BLANK.HNRC.4.11C	ERX11824922
11135.BLANK.HNRC.4.11D	ERX11824923
11135.BLANK.HNRC.4.11E	ERX11824924
11135.BLANK.HNRC.4.11F	ERX11824925
11135.BLANK.HNRC.4.11G	ERX11824926
11135.BLANK.HNRC.4.11H	ERX11824927
11135.BLANK.HNRC.4.12A	ERX11824928
11135.BLANK.HNRC.4.12B	ERX11824929
11135.BLANK.HNRC.4.12C	ERX11824930
11135.BLANK.HNRC.4.12D	ERX11824931
11135.BLANK.HNRC.4.12E	ERX11824932
11135.BLANK.HNRC.4.12F	ERX11824933
11135.BLANK.HNRC.4.12G	ERX11824934
11135.BLANK.HNRC.4.12H	ERX11824935